rank,link
,
"
                            1
                        ",/celebnetworth/celeb/actors/merv-griffin-net-worth/
"
                            2
                        ",/celebnetworth/celeb/actors/shahrukh-khan-net-worth/
"
                            3
                        ",/celebnetworth/celeb/actors/tom-cruise-net-worth/
"
                            4
                        ",/celebnetworth/celeb/actors/george-clooney-net-worth/
"
                            5
                        ",/celebnetworth/celeb/actors/amitabh-bachchan-net-worth/
"
                            6
                        ",/celebnetworth/celeb/actors/mel-gibson-net-worth/
"
                            7
                        ",/celebnetworth/celeb/actors/will-smith-net-worth/
"
                            8
                        ",/celebnetworth/celeb/actors/adam-sandler-net-worth/
"
                            9
                        ",/celebnetworth/celeb/actors/jack-nicholson-net-worth/
"
                            10
                        ",/celebnetworth/celeb/actors/sylvester-stallone-net-worth/
"
                            11
                        ",/celebnetworth/celeb/actors/jackie-chan-net-worth/
"
                            12
                        ",/celebnetworth/celeb/actors/clint-eastwood-net-worth/
"
                            13
                        ",/celebnetworth/celeb/actors/mark-wahlberg-net-worth/
"
                            14
                        ",/celebnetworth/celeb/actors/tom-hanks-net-worth/
"
                            15
                        ",/celebnetworth/celeb/actors/michael-douglas-net-worth/
"
                            16
                        ",/celebnetworth/celeb/actors/arnold-schwarzenegger-net-worth/
"
                            17
                        ",/celebnetworth/celeb/actors/robert-downey-jr-net-worth/
"
                            18
                        ",/celebnetworth/celeb/actors/patrick-wilson-net-worth/
"
                            19
                        ",/celebnetworth/celeb/actors/scott-speedman-net-worth/
"
                            20
                        ",/celebnetworth/celeb/actors/leonardo-dicaprio-net-worth/
"
                            21
                        ",/celebnetworth/celeb/actors/brad-pitt-net-worth/
"
                            22
                        ",/celebnetworth/celeb/actors/salman-khan-net-worth/
"
                            23
                        ",/celebnetworth/celeb/actors/harrison-ford-net-worth/
"
                            24
                        ",/celebnetworth/celeb/actors/michael-shanks-net-worth/
"
                            25
                        ",/celebnetworth/celeb/actors/peter-stormare-net-worth/
,
"
                            26
                        ",/celebnetworth/celeb/gerard-depardieu-net-worth/
"
                            27
                        ",/celebnetworth/celeb/actors/karan-johar-net-worth/
"
                            28
                        ",/celebnetworth/celeb/actors/samuel-l-jackson-net-worth/
"
                            29
                        ",/celebnetworth/celeb/actors/vin-diesel-net-worth/
"
                            30
                        ",/celebnetworth/celeb/actors/johnny-depp-net-worth/
"
                            31
                        ",/celebnetworth/celeb/actors/denzel-washington-net-worth/
"
                            32
                        ",/celebnetworth/celeb/actors/jorge-garcia-net-worth/
"
                            33
                        ",/celebnetworth/celeb/actors/bruce-willis-net-worth/
"
                            34
                        ",/celebnetworth/celeb/actors/mike-myers-net-worth/
"
                            35
                        ",/celebnetworth/celeb/actors/robert-redford-net-worth/
"
                            36
                        ",/celebnetworth/celeb/actors/john-travolta-net-worth/
"
                            37
                        ",/celebnetworth/celeb/actors/anthony-hopkins-net-worth/
"
                            38
                        ",/celebnetworth/celeb/actors/jim-carrey-net-worth/
"
                            39
                        ",/celebnetworth/celeb/actors/morgan-freeman-net-worth/
"
                            40
                        ",/celebnetworth/celeb/actors/sean-penn-net-worth/
"
                            41
                        ",/celebnetworth/celeb/actors/robert-de-niro-net-worth/
"
                            42
                        ",/celebnetworth/celeb/actors/al-pacino-net-worth/
"
                            43
                        ",/celebnetworth/celeb/actors/john-slattery-net-worth/
"
                            44
                        ",/celebnetworth/celeb/actors/saif-ali-khan-net-worth/
"
                            45
                        ",/celebnetworth/celeb/actors/ashton-kutcher-net-worth/
"
                            46
                        ",/celebnetworth/celeb/actors/sacha-baron-cohen-net-worth/
"
                            47
                        ",/celebnetworth/celeb/actors/chris-hemsworth-net-worth/
"
                            48
                        ",/celebnetworth/celeb/comedian/rowan-atkinson-net-worth/
"
                            49
                        ",/celebnetworth/celeb/actors/charlie-sheen-net-worth/
"
                            50
                        ",/celebnetworth/celeb/actors/kelsey-grammer-net-worth/
,
"
                            1
                        ",/celebnetworth/celeb/actress/mary-kate-and-ashley-olsen-net-worth/
"
                            2
                        ",/celebnetworth/celeb/actress/jennifer-aniston-net-worth/
"
                            3
                        ",/celebnetworth/celeb/actress/julia-roberts-net-worth/
"
                            4
                        ",/celebnetworth/celeb/actress/julia-louis-dreyfus-net-worth/
"
                            5
                        ",/celebnetworth/celeb/actress/sasha-alexander-net-worth/
"
                            6
                        ",/celebnetworth/celeb/actress/victoria-principal-net-worth/
"
                            7
                        ",/celebnetworth/celeb/actress/tracey-ullman-net-worth/
"
                            8
                        ",/celebnetworth/celeb/actress/catherine-deneuve-net-worth/
"
                            9
                        ",/celebnetworth/celeb/actress/krysten-ritter-net-worth/
"
                            10
                        ",/celebnetworth/celeb/actress/xuxa-meneghel-net-worth/
"
                            11
                        ",/celebnetworth/celeb/model/sofia-vergara-net-worth/
"
                            12
                        ",/celebnetworth/celeb/singer/miley-cyrus-net-worth/
"
                            13
                        ",/celebnetworth/celeb/actress/angelina-jolie-net-worth/
"
                            14
                        ",/celebnetworth/celeb/actress/demi-moore-net-worth/
"
                            15
                        ",/celebnetworth/celeb/actress/jessica-szohr-net-worth/
"
                            16
                        ",/celebnetworth/celeb/actress/audrey-tautou-net-worth/
"
                            17
                        ",/celebnetworth/celeb/actress/frances-fisher-net-worth/
"
                            18
                        ",/celebnetworth/celeb/actress/scarlett-johansson-net-worth/
"
                            19
                        ",/celebnetworth/celeb/actress/jennifer-lawrence-net-worth/
"
                            20
                        ",/celebnetworth/celeb/actress/drew-barrymore-net-worth/
"
                            21
                        ",/celebnetworth/celeb/actress/sandra-bullock-net-worth/
"
                            22
                        ",/celebnetworth/celeb/amy-irving-net-worth/
"
                            23
                        ",/celebnetworth/celeb/actress/jane-fonda-net-worth/
"
                            24
                        ",/celebnetworth/celeb/actress/nicole-kidman-net-worth/
"
                            25
                        ",/celebnetworth/celeb/actress/charlize-theron-net-worth/
,
"
                            51
                        ",/celebnetworth/celeb/actors/sean-connery-net-worth/
"
                            52
                        ",/celebnetworth/celeb/actors/ben-stiller-net-worth/
"
                            53
                        ",/celebnetworth/celeb/actors/martin-lawrence-net-worth/
"
                            54
                        ",/celebnetworth/celeb/actors/steve-martin-net-worth/
"
                            55
                        ",/celebnetworth/celeb/actors/david-hasselhoff-net-worth/
"
                            56
                        ",/celebnetworth/celeb/actors/daniel-radcliffe-net-worth/
"
                            57
                        ",/celebnetworth/celeb/actors/andy-lau-net-worth/
"
                            58
                        ",/celebnetworth/celeb/actors/richard-gere-net-worth/
"
                            59
                        ",/celebnetworth/celeb/actors/bob-saget-net-worth/
"
                            60
                        ",/celebnetworth/celeb/actors/andrew-shue-net-worth/
"
                            61
                        ",/celebnetworth/celeb/actors/bradley-cooper-net-worth/
"
                            62
                        ",/celebnetworth/celeb/actors/william-shatner-net-worth/
"
                            63
                        ",/celebnetworth/celeb/actors/hugh-jackman-net-worth/
"
                            64
                        ",/celebnetworth/celeb/actors/robert-pattinson-net-worth/
"
                            65
                        ",/celebnetworth/celeb/actors/kamal-haasan-net-worth/
"
                            66
                        ",/celebnetworth/celeb/actors/alexander-ludwig-net-worth/
"
                            67
                        ",/celebnetworth/celeb/jared-leto-net-worth/
"
                            68
                        ",/celebnetworth/celeb/actors/mark-harmon-net-worth/
"
                            69
                        ",/celebnetworth/celeb/tommy-lee-jones-net-worth/
"
                            70
                        ",/celebnetworth/celeb/actors/eddie-murphy-net-worth/
"
                            71
                        ",/celebnetworth/celeb/actors/karl-urban-net-worth/
"
                            72
                        ",/celebnetworth/celeb/actors/tim-allen-net-worth/
"
                            73
                        ",/celebnetworth/celeb/actors/channing-tatum-net-worth/
"
                            74
                        ",/celebnetworth/celeb/actors/kevin-james-net-worth/
"
                            75
                        ",/celebnetworth/celeb/actors/shashi-kapoor-net-worth/
,
"
                            26
                        ",/celebnetworth/celeb/actress/rosie-odonnell-net-worth/
"
                            27
                        ",/celebnetworth/celeb/actress/cameron-diaz-net-worth/
"
                            28
                        ",/celebnetworth/celeb/actress/kate-winslet-net-worth/
"
                            29
                        ",/celebnetworth/celeb/actress/sarah-jessica-parker-net-worth/
"
                            30
                        ",/celebnetworth/celeb/actress/salma-hayek-net-worth/
"
                            31
                        ",/celebnetworth/celeb/michelle-pfeiffer-net-worth/
"
                            32
                        ",/celebnetworth/celeb/actress/roseanne-barr-net-worth/
"
                            33
                        ",/celebnetworth/celeb/actress/reese-witherspoon-net-worth/
"
                            34
                        ",/celebnetworth/celeb/jaclyn-smith-net-worth/
"
                            35
                        ",/celebnetworth/celeb/actress/kim-cattrall-net-worth/
"
                            36
                        ",/celebnetworth/celeb/journalist/kelly-ripa-net-worth/
"
                            37
                        ",/celebnetworth/celeb/actress/courteney-cox-net-worth/
"
                            38
                        ",/celebnetworth/celeb/actress/angela-lansbury-net-worth/
"
                            39
                        ",/celebnetworth/celeb/actress/linda-hamilton-net-worth/
"
                            40
                        ",/celebnetworth/celeb/actress/jane-seymour-net-worth/
"
                            41
                        ",/celebnetworth/celeb/actress/halle-berry-net-worth/
"
                            42
                        ",/celebnetworth/celeb/actress/kristen-stewart-net-worth/
"
                            43
                        ",/celebnetworth/celeb/actress/mila-kunis-net-worth/
"
                            44
                        ",/celebnetworth/celeb/debbie-reynolds-net-worth/
"
                            45
                        ",/celebnetworth/celeb/actress/kristin-davis-net-worth/
"
                            46
                        ",/celebnetworth/celeb/actress/cynthia-nixon-net-worth/
"
                            47
                        ",/celebnetworth/celeb/actress/ellen-barkin-net-worth/
"
                            48
                        ",/celebnetworth/celeb/actress/sharon-stone-net-worth/
"
                            49
                        ",/celebnetworth/celeb/actress/robin-wright-net-worth/
"
                            50
                        ",/celebnetworth/celeb/actress/emma-watson-net-worth/
,
"
                            76
                        ",/celebnetworth/celeb/actors/hugh-grant-net-worth/
"
                            77
                        ",/celebnetworth/celeb/actors/matthew-mcconaughey-net-worth/
"
                            78
                        ",/celebnetworth/celeb/nick-nolte-net-worth/
"
                            79
                        ",/celebnetworth/celeb/actors/tobey-maguire-net-worth/
"
                            80
                        ",/celebnetworth/celeb/actors/matt-damon-net-worth/
"
                            81
                        ",/celebnetworth/celeb/actors/michael-caine-net-worth/
"
                            82
                        ",/celebnetworth/celeb/actors/liam-neeson-net-worth/
"
                            83
                        ",/celebnetworth/celeb/actors/edward-norton-net-worth/
"
                            84
                        ",/celebnetworth/celeb/jean-reno-net-worth/
"
                            85
                        ",/celebnetworth/celeb/dharmendra-net-worth/
"
                            86
                        ",/celebnetworth/celeb/actors/warren-beatty-net-worth/
"
                            87
                        ",/celebnetworth/celeb/actors/chuck-norris-net-worth/
"
                            88
                        ",/celebnetworth/celeb/jeff-bridges-net-worth/
"
                            89
                        ",/celebnetworth/celeb/chris-evans-net-worth-2/
"
                            90
                        ",/celebnetworth/celeb/actors/danny-devito-net-worth/
"
                            91
                        ",/celebnetworth/celeb/actors/kurt-russell-net-worth/
"
                            92
                        ",/celebnetworth/celeb/actors/matthew-perry-net-worth/
"
                            93
                        ",/celebnetworth/celeb/bob-newhart-net-worth/
"
                            94
                        ",/celebnetworth/celeb/woody-allen-net-worth-2/
"
                            95
                        ",/celebnetworth/celeb/woody-harrelson-net-worth/
"
                            96
                        ",/celebnetworth/celeb/actors/jake-gyllenhaal-net-worth/
"
                            97
                        ",/celebnetworth/celeb/actors/kiefer-sutherland-net-worth/
"
                            98
                        ",/celebnetworth/celeb/actors/michael-j-fox-net-worth/
"
                            99
                        ",/celebnetworth/celeb/actors/alec-baldwin-net-worth/
"
                            100
                        ",/celebnetworth/celeb/actors/dilip-kumar-net-worth/
,
"
                            51
                        ",/celebnetworth/celeb/actress/lisa-kudrow-net-worth/
"
                            52
                        ",/celebnetworth/celeb/phylicia-rashad-net-worth/
"
                            53
                        ",/celebnetworth/celeb/helen-hunt-net-worth/
"
                            54
                        ",/celebnetworth/celeb/actress/kaley-cuoco-net-worth/
"
                            55
                        ",/celebnetworth/celeb/actress/sally-field-net-worth-2/
"
                            56
                        ",/celebnetworth/celeb/actress/penelope-cruz-net-worth/
"
                            57
                        ",/celebnetworth/celeb/actress/natalie-portman-net-worth/
"
                            58
                        ",/celebnetworth/celeb/actress/raven-symone-net-worth/
"
                            59
                        ",/celebnetworth/celeb/actress/jane-leeves-net-worth/
"
                            60
                        ",/celebnetworth/celeb/actress/julianne-moore-net-worth/
"
                            61
                        ",/celebnetworth/celeb/susan-sarandon-net-worth/
"
                            62
                        ",/celebnetworth/celeb/actress/helen-mirren-net-worth/
"
                            63
                        ",/celebnetworth/celeb/actress/bo-derek-net-worth/
"
                            64
                        ",/celebnetworth/celeb/actress/alicia-witt-net-worth/
"
                            65
                        ",/celebnetworth/celeb/model/twiggy-net-worth/
"
                            66
                        ",/celebnetworth/celeb/actress/mariska-hargitay-net-worth/
"
                            67
                        ",/celebnetworth/celeb/actress/teri-hatcher-net-worth/
"
                            68
                        ",/celebnetworth/celeb/actress/keira-knightley-net-worth/
"
                            69
                        ",/celebnetworth/celeb/singer/selena-gomez-net-worth/
"
                            70
                        ",/celebnetworth/celeb/annette-bening-net-worth/
"
                            71
                        ",/celebnetworth/celeb/patty-hearst-net-worth/
"
                            72
                        ",/celebnetworth/celeb/monica-bellucci-net-worth/
"
                            73
                        ",/celebnetworth/celeb/susan-lucci-net-worth/
"
                            74
                        ",/celebnetworth/celeb/blythe-danner-net-worth/
"
                            75
                        ",/celebnetworth/celeb/uma-thurman-net-worth/
,
"
                            76
                        ",/celebnetworth/celeb/actress/penny-marshall-net-worth/
"
                            77
                        ",/celebnetworth/celeb/actress/ariana-grande-net-worth/
"
                            78
                        ",/celebnetworth/celeb/actress/cate-blanchett-net-worth/
"
                            79
                        ",/celebnetworth/celeb/actress/whoopi-goldberg-net-worth/
"
                            80
                        ",/celebnetworth/celeb/actress/meg-ryan-net-worth/
"
                            81
                        ",/celebnetworth/celeb/actress/meryl-streep-net-worth/
"
                            82
                        ",/celebnetworth/celeb/actress/catherine-zeta-jones-net-worth/
"
                            83
                        ",/celebnetworth/celeb/actress/tina-fey-net-worth/
"
                            84
                        ",/celebnetworth/celeb/actress/renee-zellweger-net-worth/
"
                            85
                        ",/celebnetworth/celeb/actress/marisa-tomei-net-worth/
"
                            86
                        ",/celebnetworth/celeb/actress/catherine-oxenberg-net-worth/
"
                            87
                        ",/celebnetworth/celeb/model/kiera-chaplin-net-worth/
"
                            88
                        ",/celebnetworth/celeb/patricia-heaton-net-worth/
"
                            89
                        ",/celebnetworth/celeb/actress/milla-jovovich-net-worth/
"
                            90
                        ",/celebnetworth/celeb/actress/ellen-pompeo-net-worth/
"
                            91
                        ",/celebnetworth/celeb/actress/jennifer-garner-net-worth/
"
                            92
                        ",/celebnetworth/celeb/actress/zsa-zsa-gabor-net-worth/
"
                            93
                        ",/celebnetworth/celeb/actress/rene-russo-net-worth/
"
                            94
                        ",/celebnetworth/celeb/actress/elizabeth-montgomery-net-worth/
"
                            95
                        ",/celebnetworth/celeb/actress/michelle-yeoh-net-worth/
"
                            96
                        ",/celebnetworth/celeb/actress/edie-falco-net-worth/
"
                            97
                        ",/celebnetworth/celeb/geena-davis-net-worth/
"
                            98
                        ",/celebnetworth/celeb/actress/kate-hudson-net-worth/
"
                            99
                        ",/celebnetworth/celeb/kim-basinger-net-worth/
"
                            100
                        ",/celebnetworth/celeb/marlo-thomas-net-worth/
